"","VEC_ID","IDE_EDA_ANO","IDE_SEX","DES_CAL","IDE_CAL","NUM_EXT","NUM_INT","IDE_COL","IDE_CP","CVE_LOC_RES","DES_LOC_RES","CVE_MPO_RES","DES_MPO_RES","DES_JUR_RES","CVE_EDO_RES","DES_EDO_RES","ESTATUS_CASO","CVE_DIAG_PROBABLE","DES_DIAG_PROBABLE","DES_DIAG_FINAL","FEC_INI_SIGNOS_SINT","ANO","SEM","MANEJO","DES_INS_UNIDAD","DENGUE_SER_TRIPLEX","FEC_INGRESO"
"1",958553,36,1,"CALLE","LANZI","52","52","VILLA BONITA Residencial",83288,289,"HERMOSILLO",30,"HERMOSILLO","HERMOSILLO",26,"SONORA",2,2,"DENGUE CON SIGNOS DE ALARMA","DENGUE CON SIGNOS DE ALARMA",2022-08-18,2022,33,2,"IMSS",0,NA
"2",959052,80,2,"CALLE","ADIVINO","146","","EL CORTIJO Fraccionamiento",83105,289,"HERMOSILLO",30,"HERMOSILLO","HERMOSILLO",26,"SONORA",2,2,"DENGUE CON SIGNOS DE ALARMA","DENGUE CON SIGNOS DE ALARMA",2022-08-22,2022,34,1,"IMSS",0,2022-08-26
"3",959745,23,1,"CALLE","SIN NOMBRE","SN","","COLOSO BAJO Colonia",83040,289,"HERMOSILLO",30,"HERMOSILLO","HERMOSILLO",26,"SONORA",2,2,"DENGUE CON SIGNOS DE ALARMA","DENGUE CON SIGNOS DE ALARMA",2022-08-24,2022,34,1,"IMSS",0,2022-08-29
"4",960697,31,1,"BOULEVARD","HIDALGO","","","CENTENARIO Colonia",83260,1,"HERMOSILLO",30,"HERMOSILLO","HERMOSILLO",26,"SONORA",2,1,"DENGUE NO GRAVE","DENGUE NO GRAVE",2022-08-28,2022,35,2,"SSA",0,NA
"5",961790,34,1,"CALLE","LEOBALDO","163","","ALTARES Fraccionamiento",83296,1,"HERMOSILLO",30,"HERMOSILLO","HERMOSILLO",26,"SONORA",2,2,"DENGUE CON SIGNOS DE ALARMA","DENGUE CON SIGNOS DE ALARMA",2022-09-04,2022,36,1,"IMSS",2,2022-09-05
"6",963371,30,2,"CALLE","LEONA VICARIO","SN","","COLOSO Colonia",83040,343,"MIGUEL ALEMÁN (LA DOCE)",30,"HERMOSILLO","HERMOSILLO",26,"SONORA",2,1,"DENGUE NO GRAVE","DENGUE NO GRAVE",2022-09-06,2022,36,1,"IMSS",0,2022-09-07
"7",964295,21,2,"CALLE","PADUA","34","","INVASIÓN ANTORCHA CAMPESINA Colonia",83116,289,"HERMOSILLO",30,"HERMOSILLO","HERMOSILLO",26,"SONORA",2,3,"DENGUE GRAVE","DENGUE GRAVE",2022-09-08,2022,36,1,"SSA",2,2022-09-09
"8",964443,17,2,"CALLE","TIZOC","251","","VALLE DEL MARQUEZ Fraccionamiento",83294,289,"HERMOSILLO",30,"HERMOSILLO","HERMOSILLO",26,"SONORA",2,2,"DENGUE CON SIGNOS DE ALARMA","DENGUE CON SIGNOS DE ALARMA",2022-09-06,2022,36,1,"OTRAS",0,2022-09-12
"9",965092,41,2,"CALLE","MORELOS","31","","VILLAS DEL SUR Fraccionamiento",83284,289,"HERMOSILLO",30,"HERMOSILLO","HERMOSILLO",26,"SONORA",2,2,"DENGUE CON SIGNOS DE ALARMA","DENGUE CON SIGNOS DE ALARMA",2022-09-06,2022,36,2,"IMSS",0,NA
"10",964998,23,2,"CERRADA","SANTA MARTHA","66","","SAN MARCOS Residencial",83177,289,"HERMOSILLO",30,"HERMOSILLO","HERMOSILLO",26,"SONORA",2,1,"DENGUE NO GRAVE","DENGUE NO GRAVE",2022-09-13,2022,37,2,"OTRAS",0,NA
"11",966469,34,2,"CALLE","PLANETA PLUTON","114","","LOS OLIVOS Colonia",83284,289,"HERMOSILLO",30,"HERMOSILLO","HERMOSILLO",26,"SONORA",2,2,"DENGUE CON SIGNOS DE ALARMA","DENGUE CON SIGNOS DE ALARMA",2022-09-17,2022,37,1,"SSA",2,2022-09-18
"12",966930,30,2,"CALLE","SUAQUI GRANDE","336","","JACINTO LOPEZ Colonia",83105,289,"HERMOSILLO",30,"HERMOSILLO","HERMOSILLO",26,"SONORA",2,1,"DENGUE NO GRAVE","DENGUE NO GRAVE",2022-09-15,2022,37,2,"ISSSTE",0,NA
"13",967237,45,2,"CALLE","AV. RIVIERA (PRIVADAS DEL REY)","76","","PRIVADAS RESIDENCIALES Residencial",83147,289,"HERMOSILLO",30,"HERMOSILLO","HERMOSILLO",26,"SONORA",2,2,"DENGUE CON SIGNOS DE ALARMA","DENGUE CON SIGNOS DE ALARMA",2022-09-15,2022,37,2,"IMSS",2,NA
"14",967401,44,2,"CALLEJON","SANTA ANA","33 A","","OLIVARES Colonia",83180,289,"HERMOSILLO",30,"HERMOSILLO","HERMOSILLO",26,"SONORA",2,1,"DENGUE NO GRAVE","DENGUE NO GRAVE",2022-09-17,2022,37,2,"OTRAS",0,NA
"15",969385,34,2,"CALLE","DEL PARAISO","636","","ALTARES II Fraccionamiento",83296,289,"HERMOSILLO",30,"HERMOSILLO","HERMOSILLO",26,"SONORA",2,2,"DENGUE CON SIGNOS DE ALARMA","DENGUE CON SIGNOS DE ALARMA",2022-09-17,2022,37,1,"OTRAS",0,2022-09-25
"16",967421,28,1,"CALLE","ESTEBAN BACA CALDERON","296","","BALDERRAMA Colonia",83180,1,"HERMOSILLO",30,"HERMOSILLO","HERMOSILLO",26,"SONORA",2,1,"DENGUE NO GRAVE","DENGUE NO GRAVE",2022-09-20,2022,38,2,"IMSS",0,NA
"17",967529,35,2,"CALLE","IGNACIO ALTAMIRANO","351","","JARDINES Colonia",83113,289,"HERMOSILLO",30,"HERMOSILLO","HERMOSILLO",26,"SONORA",2,1,"DENGUE NO GRAVE","DENGUE NO GRAVE",2022-09-19,2022,38,2,"OTRAS",0,NA
"18",967921,16,1,"CALLE","AQUILES SERDAN","301","","JESÚS GARCIA Colonia",83140,343,"MIGUEL ALEMÁN (LA DOCE)",30,"HERMOSILLO","HERMOSILLO",26,"SONORA",2,1,"DENGUE NO GRAVE","DENGUE NO GRAVE",2022-09-20,2022,38,2,"IMSS",0,NA
"19",967969,33,1,"CALLE","AQUILES SERDAN","0","","AGUAYO PORCHAS Colonia",83346,343,"MIGUEL ALEMÁN (LA DOCE)",30,"HERMOSILLO","HERMOSILLO",26,"SONORA",2,1,"DENGUE NO GRAVE","DENGUE NO GRAVE",2022-09-20,2022,38,2,"IMSS",0,NA
"20",968296,36,1,"CALLE","MARIANO MATAMOROS","SN","","LUIS DONALDO COLOSIO Colonia",83177,343,"MIGUEL ALEMÁN (LA DOCE)",30,"HERMOSILLO","HERMOSILLO",26,"SONORA",2,1,"DENGUE NO GRAVE","DENGUE NO GRAVE",2022-09-19,2022,38,2,"SSA",0,NA
"21",968447,6,1,"CALLE","VICENTE GUERRERO","371","","COLOSO Colonia",83040,343,"MIGUEL ALEMÁN (LA DOCE)",30,"HERMOSILLO","HERMOSILLO",26,"SONORA",2,1,"DENGUE NO GRAVE","DENGUE NO GRAVE",2022-09-21,2022,38,2,"IMSS",0,NA
"22",968459,34,2,"CALLE","VICENTE GUERRERO","371","","COLOSO Colonia",83040,343,"MIGUEL ALEMÁN (LA DOCE)",30,"HERMOSILLO","HERMOSILLO",26,"SONORA",2,1,"DENGUE NO GRAVE","DENGUE NO GRAVE",2022-09-21,2022,38,2,"IMSS",0,NA
"23",968490,6,2,"CALLE","PRESA FALCON","42","","EL RANCHITO Colonia",83050,289,"HERMOSILLO",30,"HERMOSILLO","HERMOSILLO",26,"SONORA",2,2,"DENGUE CON SIGNOS DE ALARMA","DENGUE CON SIGNOS DE ALARMA",2022-09-22,2022,38,2,"IMSS",2,NA
"24",968503,31,2,"CALLE","AGUILA REAL","71","","ALTARES Fraccionamiento",83296,289,"HERMOSILLO",30,"HERMOSILLO","HERMOSILLO",26,"SONORA",2,1,"DENGUE NO GRAVE","DENGUE NO GRAVE",2022-09-21,2022,38,2,"IMSS",0,NA
"25",968576,28,2,"AVENIDA","NUEVE","272","","JESÚS GARCIA Colonia",83140,289,"HERMOSILLO",30,"HERMOSILLO","HERMOSILLO",26,"SONORA",2,2,"DENGUE CON SIGNOS DE ALARMA","DENGUE CON SIGNOS DE ALARMA",2022-09-22,2022,38,1,"IMSS",0,2022-09-26
"26",968880,27,2,"AVENIDA","POTRERO","80","","RANCHO GRANDE Ranchería",83327,289,"HERMOSILLO",30,"HERMOSILLO","HERMOSILLO",26,"SONORA",2,2,"DENGUE CON SIGNOS DE ALARMA","DENGUE CON SIGNOS DE ALARMA",2022-09-21,2022,38,2,"IMSS",2,NA
"27",968930,46,2,"CALLE","FERNANDO PESQUEIRA","1352","","SAHUARO INDECO Colonia",83171,289,"HERMOSILLO",30,"HERMOSILLO","HERMOSILLO",26,"SONORA",2,2,"DENGUE CON SIGNOS DE ALARMA","DENGUE CON SIGNOS DE ALARMA",2022-09-20,2022,38,2,"OTRAS",2,NA
"28",968954,39,1,"CALLE","BACANORA","521","","EUSEBIO KINO Colonia",83114,289,"HERMOSILLO",30,"HERMOSILLO","HERMOSILLO",26,"SONORA",2,1,"DENGUE NO GRAVE","DENGUE NO GRAVE",2022-09-23,2022,38,2,"OTRAS",0,NA
"29",969820,36,2,"CALLE","SANTA MARTHA","177","","SAN MARCOS Residencial",83177,289,"HERMOSILLO",30,"HERMOSILLO","HERMOSILLO",26,"SONORA",2,2,"DENGUE CON SIGNOS DE ALARMA","DENGUE CON SIGNOS DE ALARMA",2022-09-21,2022,38,2,"ISSSTE",0,NA
"30",969870,42,2,"CALLE","TEHUAN","180","","LA CHOLLA Fraccionamiento",83175,289,"HERMOSILLO",30,"HERMOSILLO","HERMOSILLO",26,"SONORA",2,2,"DENGUE CON SIGNOS DE ALARMA","DENGUE NO GRAVE",2022-09-24,2022,38,1,"IMSS",0,2022-09-30
"31",970391,53,2,"AVENIDA","LOS PINOS","5","","VALLE DORADO Fraccionamiento",83175,289,"HERMOSILLO",30,"HERMOSILLO","HERMOSILLO",26,"SONORA",2,2,"DENGUE CON SIGNOS DE ALARMA","DENGUE CON SIGNOS DE ALARMA",2022-09-23,2022,38,2,"IMSS",0,NA
"32",971455,28,2,"CALLE","12 NORTE  AGRICOLA BAY HNOS.","SN","","AGRÍCOLA MARTHA Ranchería",83300,343,"MIGUEL ALEMÁN (LA DOCE)",30,"HERMOSILLO","HERMOSILLO",26,"SONORA",2,2,"DENGUE CON SIGNOS DE ALARMA","DENGUE CON SIGNOS DE ALARMA",2022-09-23,2022,38,1,"IMSS",0,2022-09-29
"33",971610,25,1,"CALLE","VILLA LAUREL","54","","VILLA DEL REAL Fraccionamiento",83118,289,"HERMOSILLO",30,"HERMOSILLO","HERMOSILLO",26,"SONORA",2,2,"DENGUE CON SIGNOS DE ALARMA","DENGUE CON SIGNOS DE ALARMA",2022-09-23,2022,38,2,"OTRAS",0,NA
"34",971845,36,2,"PROLONGACION","ROSARIO CASTELLANOS","54","","URBI VILLA DEL CEDRO Fraccionamiento",83105,289,"HERMOSILLO",30,"HERMOSILLO","HERMOSILLO",26,"SONORA",2,2,"DENGUE CON SIGNOS DE ALARMA","DENGUE CON SIGNOS DE ALARMA",2022-09-22,2022,38,2,"ISSSTE",0,NA
"35",970020,44,1,"CALLEJON","MORELOS","S/N","","LAS PALMAS Colonia",83270,343,"MIGUEL ALEMÁN (LA DOCE)",30,"HERMOSILLO","HERMOSILLO",26,"SONORA",2,1,"DENGUE NO GRAVE","DENGUE NO GRAVE",2022-09-25,2022,39,2,"IMSS",0,NA
"36",970419,38,2,"CALLE","GUADALAJARA","1131","","ÁLVARO OBREGÓN Colonia",83170,289,"HERMOSILLO",30,"HERMOSILLO","HERMOSILLO",26,"SONORA",2,1,"DENGUE NO GRAVE","DENGUE NO GRAVE",2022-09-26,2022,39,2,"IMSS",0,NA
"37",970846,18,1,"CERRADA","GUARIJIOS","113","","PUEBLITOS Fraccionamiento",83117,1,"HERMOSILLO",30,"HERMOSILLO","HERMOSILLO",26,"SONORA",2,1,"DENGUE NO GRAVE","DENGUE NO GRAVE",2022-09-25,2022,39,2,"OTRAS",0,NA
"38",970848,25,1,"CALLE","JUAN ESCUTIA","SN","","26 DE OCTUBRE Colonia",83347,343,"MIGUEL ALEMÁN (LA DOCE)",30,"HERMOSILLO","HERMOSILLO",26,"SONORA",2,1,"DENGUE NO GRAVE","DENGUE NO GRAVE",2022-09-25,2022,39,2,"IMSS",0,NA
"39",971028,10,1,"CALLE","LAS PALMAS","8","","LUIS DONALDO COLOSIO Colonia",83177,343,"MIGUEL ALEMÁN (LA DOCE)",30,"HERMOSILLO","HERMOSILLO",26,"SONORA",2,1,"DENGUE NO GRAVE","DENGUE NO GRAVE",2022-09-28,2022,39,2,"SSA",0,NA
"40",971045,61,2,"CALLE","GAUYMAS","13","","ADOLFO LÓPEZ MATEOS Colonia",83284,289,"HERMOSILLO",30,"HERMOSILLO","HERMOSILLO",26,"SONORA",2,1,"DENGUE NO GRAVE","DENGUE NO GRAVE",2022-09-26,2022,39,2,"IMSS",0,NA
"41",971163,48,1,"CALLE","SAN RODOLFO","15","","VILLA VERDE Fraccionamiento",83118,289,"HERMOSILLO",30,"HERMOSILLO","HERMOSILLO",26,"SONORA",2,2,"DENGUE CON SIGNOS DE ALARMA","DENGUE CON SIGNOS DE ALARMA",2022-09-28,2022,39,1,"IMSS",0,2022-10-02
"42",971377,19,2,"CALLE","LEONA VICARIO","149","","SALVADOR ALVARADO Colonia",83348,343,"MIGUEL ALEMÁN (LA DOCE)",30,"HERMOSILLO","HERMOSILLO",26,"SONORA",2,3,"DENGUE GRAVE","DENGUE GRAVE",2022-09-27,2022,39,1,"SSA",0,2022-09-28
"43",971815,39,2,"CALLE","MARIANO MATAMOROS","25","","COLOSO Colonia",83040,343,"MIGUEL ALEMÁN (LA DOCE)",30,"HERMOSILLO","HERMOSILLO",26,"SONORA",2,1,"DENGUE NO GRAVE","DENGUE NO GRAVE",2022-09-28,2022,39,2,"IMSS",0,NA
"44",972251,47,1,"CALLE","RICARDO FLORES MAGON","503","","JESÚS GARCIA Colonia",83140,343,"MIGUEL ALEMÁN (LA DOCE)",30,"HERMOSILLO","HERMOSILLO",26,"SONORA",2,1,"DENGUE NO GRAVE","DENGUE NO GRAVE",2022-09-29,2022,39,2,"IMSS",0,NA
"45",972525,10,1,"CALLE","JOSEFA ORTIZ DE DOMINGUEZ","S/N","","INSURGENTES Colonia",83106,343,"MIGUEL ALEMÁN (LA DOCE)",30,"HERMOSILLO","HERMOSILLO",26,"SONORA",2,1,"DENGUE NO GRAVE","DENGUE NO GRAVE",2022-09-29,2022,39,2,"IMSS",0,NA
"46",972546,55,2,"CALLE","COLONIA CALIFORNIA RESIDENCIAL CALLE SACROMONTE","44","","VILLA CALIFORNIA Residencial",83114,1,"HERMOSILLO",30,"HERMOSILLO","HERMOSILLO",26,"SONORA",2,1,"DENGUE NO GRAVE","DENGUE NO GRAVE",2022-09-29,2022,39,2,"IMSS",0,NA
"47",972567,24,2,"PERIFERICO","NICOLAS BRAVO","801","","CENTRO NORTE Colonia",83000,343,"MIGUEL ALEMÁN (LA DOCE)",30,"HERMOSILLO","HERMOSILLO",26,"SONORA",2,1,"DENGUE NO GRAVE","DENGUE NO GRAVE",2022-10-01,2022,39,1,"SSA",0,2022-10-02
"48",973731,15,1,"AVENIDA","MARIANO MATAMOROS COL. TRINIDAD SANCHEZ LEYVA","353","","15 ""A"" Colonia",83100,343,"MIGUEL ALEMÁN (LA DOCE)",30,"HERMOSILLO","HERMOSILLO",26,"SONORA",2,2,"DENGUE CON SIGNOS DE ALARMA","DENGUE CON SIGNOS DE ALARMA",2022-09-29,2022,39,1,"SSA",0,2022-10-04
"49",974052,15,2,"AMPLIACION","INVASION GUAYACAN","552","","LA ESCOPETA Ranchería",83320,289,"HERMOSILLO",30,"HERMOSILLO","HERMOSILLO",26,"SONORA",2,1,"DENGUE NO GRAVE","DENGUE NO GRAVE",2022-10-01,2022,39,1,"SSA",0,2022-10-05
"50",972557,20,2,"CALLE","GASTON MADRID","S/N","","CAÑADA DE LOS NEGROS Colonia",83030,289,"HERMOSILLO",30,"HERMOSILLO","HERMOSILLO",26,"SONORA",2,1,"DENGUE NO GRAVE","DENGUE NO GRAVE",2022-10-02,2022,40,2,"SSA",0,NA
"51",972920,47,2,"CALLE","HACIENDA DE LOS RIOS","105","","HACIENDAS DEL SUR Fraccionamiento",83283,289,"HERMOSILLO",30,"HERMOSILLO","HERMOSILLO",26,"SONORA",2,1,"DENGUE NO GRAVE","DENGUE NO GRAVE",2022-10-03,2022,40,2,"IMSS",0,NA
"52",973033,11,2,"CALLE","JOSE MARIA MORELOS","206","","LÁZARO CÁRDENAS Colonia",83342,343,"MIGUEL ALEMÁN (LA DOCE)",30,"HERMOSILLO","HERMOSILLO",26,"SONORA",2,1,"DENGUE NO GRAVE","DENGUE NO GRAVE",2022-10-02,2022,40,2,"IMSS",0,NA
"53",973981,31,2,"CALLE","DEL NOGAL","32","","CENTRO NORTE Colonia",83000,343,"MIGUEL ALEMÁN (LA DOCE)",30,"HERMOSILLO","HERMOSILLO",26,"SONORA",2,2,"DENGUE CON SIGNOS DE ALARMA","DENGUE CON SIGNOS DE ALARMA",2022-10-03,2022,40,1,"IMSS",0,2022-10-05
"54",974046,15,1,"AVENIDA","IGNACIO ZARAGOZA","618","","JESÚS GARCIA Colonia",83140,343,"MIGUEL ALEMÁN (LA DOCE)",30,"HERMOSILLO","HERMOSILLO",26,"SONORA",2,1,"DENGUE NO GRAVE","DENGUE NO GRAVE",2022-10-03,2022,40,2,"IMSS",0,NA
"55",974288,24,1,"CALLE","LEONA VICARIO","S/N","","CENTRO NORTE Colonia",83000,343,"MIGUEL ALEMÁN (LA DOCE)",30,"HERMOSILLO","HERMOSILLO",26,"SONORA",2,1,"DENGUE NO GRAVE","DENGUE NO GRAVE",2022-10-04,2022,40,2,"IMSS",0,NA
"56",974376,10,1,"CALLE","FRANCISCO I. MADERO","206","","CENTRO NORTE Colonia",83000,343,"MIGUEL ALEMÁN (LA DOCE)",30,"HERMOSILLO","HERMOSILLO",26,"SONORA",2,1,"DENGUE NO GRAVE","DENGUE NO GRAVE",2022-10-04,2022,40,2,"IMSS",0,NA
"57",974430,51,1,"CALLE","FRANCISCO I. MADERO","516","","MANUEL J. CLOUTHIER Colonia",83347,343,"MIGUEL ALEMÁN (LA DOCE)",30,"HERMOSILLO","HERMOSILLO",26,"SONORA",2,1,"DENGUE NO GRAVE","DENGUE NO GRAVE",2022-10-03,2022,40,2,"IMSS",0,NA
"58",974460,48,2,"CALLE","CARMEN SERDAN","165","","SALVADOR ALVARADO Colonia",83348,343,"MIGUEL ALEMÁN (LA DOCE)",30,"HERMOSILLO","HERMOSILLO",26,"SONORA",2,1,"DENGUE NO GRAVE","DENGUE NO GRAVE",2022-10-04,2022,40,2,"IMSS",0,NA
"59",974519,14,2,"CALLE","PRIMERO DE JUNIO","S/N","","INSURGENTES Colonia",83106,343,"MIGUEL ALEMÁN (LA DOCE)",30,"HERMOSILLO","HERMOSILLO",26,"SONORA",2,1,"DENGUE NO GRAVE","DENGUE NO GRAVE",2022-10-06,2022,40,2,"IMSS",0,NA
"60",974703,28,2,"CALLE","PRIVADA SONATA","18","","AGAVES RESIDENCIAL Residencial",83284,289,"HERMOSILLO",30,"HERMOSILLO","HERMOSILLO",26,"SONORA",2,1,"DENGUE NO GRAVE","DENGUE NO GRAVE",2022-10-05,2022,40,2,"IMSS",0,NA
"61",974848,50,2,"CALLEJON","LAS GRANJAS","7","","JESÚS GARCIA Colonia",83140,343,"MIGUEL ALEMÁN (LA DOCE)",30,"HERMOSILLO","HERMOSILLO",26,"SONORA",2,1,"DENGUE NO GRAVE","DENGUE NO GRAVE",2022-10-06,2022,40,2,"IMSS",0,NA
"62",974858,30,2,"CALLE","MARIANO ESCOBEDO","48","","LAS GRANJAS Colonia",83250,343,"MIGUEL ALEMÁN (LA DOCE)",30,"HERMOSILLO","HERMOSILLO",26,"SONORA",2,1,"DENGUE NO GRAVE","DENGUE NO GRAVE",2022-10-06,2022,40,2,"IMSS",0,NA
"63",974871,12,1,"AVENIDA","LAZARO CARDENAS","705","","CENTRO NORTE Colonia",83000,343,"MIGUEL ALEMÁN (LA DOCE)",30,"HERMOSILLO","HERMOSILLO",26,"SONORA",2,1,"DENGUE NO GRAVE","DENGUE NO GRAVE",2022-10-06,2022,40,2,"IMSS",0,NA
"64",974884,12,2,"CALLE","JUAN G. CABRAL","S/N","","LOS VIÑEDOS I Fraccionamiento",83120,343,"MIGUEL ALEMÁN (LA DOCE)",30,"HERMOSILLO","HERMOSILLO",26,"SONORA",2,1,"DENGUE NO GRAVE","DENGUE NO GRAVE",2022-10-04,2022,40,2,"IMSS",0,NA
"65",974893,27,2,"CALLE","RAMON LOPEZ VELARDE","123","","SAHUARO INDECO Colonia",83171,289,"HERMOSILLO",30,"HERMOSILLO","HERMOSILLO",26,"SONORA",2,2,"DENGUE CON SIGNOS DE ALARMA","DENGUE CON SIGNOS DE ALARMA",2022-10-04,2022,40,1,"IMSS",0,2022-10-07
"66",974927,0,2,"CALLE","MARIANO MATAMOROS","267","","LAS PALMAS Colonia",83270,343,"MIGUEL ALEMÁN (LA DOCE)",30,"HERMOSILLO","HERMOSILLO",26,"SONORA",2,1,"DENGUE NO GRAVE","DENGUE NO GRAVE",2022-10-06,2022,40,2,"IMSS",0,NA
"67",974939,32,2,"CALLE","PALMA","S/N","","INVASIÓN ALTARES Colonia",83296,343,"MIGUEL ALEMÁN (LA DOCE)",30,"HERMOSILLO","HERMOSILLO",26,"SONORA",2,1,"DENGUE NO GRAVE","DENGUE NO GRAVE",2022-10-06,2022,40,2,"IMSS",0,NA
"68",974950,32,1,"CALLE","DEL TRIGO","20","","VILLAS DEL PALMAR 2 Colonia",83115,343,"MIGUEL ALEMÁN (LA DOCE)",30,"HERMOSILLO","HERMOSILLO",26,"SONORA",2,1,"DENGUE NO GRAVE","DENGUE NO GRAVE",2022-10-06,2022,40,2,"IMSS",0,NA
"69",974970,45,2,"CALLE","JUAN G. CABRAL","S/N","","MIGUEL ALEMÁN CENTRO Colonia",83344,343,"MIGUEL ALEMÁN (LA DOCE)",30,"HERMOSILLO","HERMOSILLO",26,"SONORA",2,1,"DENGUE NO GRAVE","DENGUE NO GRAVE",2022-10-06,2022,40,2,"IMSS",0,NA
"70",974995,30,1,"CALLE","VICENTE GUERRERO","911","","MIGUEL ALEMÁN CENTRO Colonia",83344,343,"MIGUEL ALEMÁN (LA DOCE)",30,"HERMOSILLO","HERMOSILLO",26,"SONORA",2,1,"DENGUE NO GRAVE","DENGUE NO GRAVE",2022-10-05,2022,40,2,"IMSS",0,NA
"71",975050,24,2,"CALLE","IGNACIO ALLENDE","440","","SALVADOR ALVARADO Ranchería",83324,343,"MIGUEL ALEMÁN (LA DOCE)",30,"HERMOSILLO","HERMOSILLO",26,"SONORA",2,1,"DENGUE NO GRAVE","DENGUE NO GRAVE",2022-10-06,2022,40,2,"IMSS",0,NA
"72",975178,29,2,"AVENIDA","DIANA LAURA","","","CENTRO NORTE Colonia",83000,343,"MIGUEL ALEMÁN (LA DOCE)",30,"HERMOSILLO","HERMOSILLO",26,"SONORA",2,1,"DENGUE NO GRAVE","DENGUE NO GRAVE",2022-10-06,2022,40,2,"IMSS",0,NA
"73",975454,15,1,"CALLE","IGNACIO ZARAGOZA","618","","JESÚS GARCIA Colonia",83140,343,"MIGUEL ALEMÁN (LA DOCE)",30,"HERMOSILLO","HERMOSILLO",26,"SONORA",2,2,"DENGUE CON SIGNOS DE ALARMA","DENGUE CON SIGNOS DE ALARMA",2022-10-04,2022,40,1,"IMSS",0,2022-10-08
"74",975617,12,2,"CALLE","JOSEFA ORTIZ DE DOMINGUEZ","261","","SALVADOR ALVARADO Colonia",83348,343,"MIGUEL ALEMÁN (LA DOCE)",30,"HERMOSILLO","HERMOSILLO",26,"SONORA",2,2,"DENGUE CON SIGNOS DE ALARMA","DENGUE CON SIGNOS DE ALARMA",2022-10-06,2022,40,2,"IMSS",0,NA
"75",975653,6,1,"CALLE","NICOLAS BRAVO","S/N","","LAS GRANJAS Colonia",83250,343,"MIGUEL ALEMÁN (LA DOCE)",30,"HERMOSILLO","HERMOSILLO",26,"SONORA",2,1,"DENGUE NO GRAVE","DENGUE NO GRAVE",2022-10-07,2022,40,2,"IMSS",0,NA
"76",975676,27,1,"CERRADA","GREVILLA","92","","GALA Fraccionamiento",83297,289,"HERMOSILLO",30,"HERMOSILLO","HERMOSILLO",26,"SONORA",2,1,"DENGUE NO GRAVE","DENGUE NO GRAVE",2022-10-07,2022,40,2,"IMSS",0,NA
"77",975709,71,2,"CALLE","12 NORTE KM 3.5","S/N","","INVASIÓN ALTARES Colonia",83296,343,"MIGUEL ALEMÁN (LA DOCE)",30,"HERMOSILLO","HERMOSILLO",26,"SONORA",2,1,"DENGUE NO GRAVE","DENGUE NO GRAVE",2022-10-07,2022,40,2,"IMSS",0,NA
"78",975715,56,2,"CALLE","MORELOS","S/N","","VIÑEDOS DOLISA Ranchería",83323,343,"MIGUEL ALEMÁN (LA DOCE)",30,"HERMOSILLO","HERMOSILLO",26,"SONORA",2,1,"DENGUE NO GRAVE","DENGUE NO GRAVE",2022-10-07,2022,40,2,"IMSS",0,NA
"79",975754,8,2,"CALLE","JOSEFA ORTIZ DE DOMINGUEZ","86","","VIÑEDOS DOLISA Ranchería",83323,343,"MIGUEL ALEMÁN (LA DOCE)",30,"HERMOSILLO","HERMOSILLO",26,"SONORA",2,1,"DENGUE NO GRAVE","DENGUE NO GRAVE",2022-10-07,2022,40,2,"IMSS",0,NA
"80",975800,48,2,"CALLE","FENICIA SUR","20","","PUERTA DEL REY Fraccionamiento",83118,289,"HERMOSILLO",30,"HERMOSILLO","HERMOSILLO",26,"SONORA",2,2,"DENGUE CON SIGNOS DE ALARMA","DENGUE CON SIGNOS DE ALARMA",2022-10-06,2022,40,1,"SSA",0,2022-10-07
"81",975860,68,1,"CALLE","SAN CIPRIANO SUR","150","","ARCÁNGEL RESIDENCIAL Residencial",83287,1,"HERMOSILLO",30,"HERMOSILLO","HERMOSILLO",26,"SONORA",2,2,"DENGUE CON SIGNOS DE ALARMA","DENGUE CON SIGNOS DE ALARMA",2022-10-05,2022,40,2,"ISSSTE",0,NA
"82",975992,26,2,"AVENIDA","PLUTARCO ELIAS","101","","26 DE OCTUBRE Colonia",83347,343,"MIGUEL ALEMÁN (LA DOCE)",30,"HERMOSILLO","HERMOSILLO",26,"SONORA",2,1,"DENGUE NO GRAVE","DENGUE NO GRAVE",2022-10-08,2022,40,2,"IMSS",0,NA
"83",976050,15,2,"TERRACERIA","CAMPO SANTA SUSANA","","","LA VENTANITA Ranchería",83333,343,"MIGUEL ALEMÁN (LA DOCE)",30,"HERMOSILLO","HERMOSILLO",26,"SONORA",2,1,"DENGUE NO GRAVE","DENGUE NO GRAVE",2022-10-08,2022,40,1,"IMSS",0,2022-08-10
"84",976118,56,1,"CALLE","PAJARERA","7B","","VILLA DEL PRADO Fraccionamiento",83287,1,"HERMOSILLO",30,"HERMOSILLO","HERMOSILLO",26,"SONORA",2,2,"DENGUE CON SIGNOS DE ALARMA","DENGUE CON SIGNOS DE ALARMA",2022-10-06,2022,40,2,"IMSS",2,NA
"85",976130,13,2,"CALLE","AMPOSTA","4","","PUERTA DEL REY Fraccionamiento",83118,289,"HERMOSILLO",30,"HERMOSILLO","HERMOSILLO",26,"SONORA",2,2,"DENGUE CON SIGNOS DE ALARMA","DENGUE CON SIGNOS DE ALARMA",2022-10-03,2022,40,1,"SSA",0,2022-10-10
"86",976131,13,1,"CALLE","GIRASOL","4","","ADOLFO LOPEZ MATEOS Colonia",83170,1,"HERMOSILLO",30,"HERMOSILLO","HERMOSILLO",26,"SONORA",2,2,"DENGUE CON SIGNOS DE ALARMA","DENGUE CON SIGNOS DE ALARMA",2022-10-03,2022,40,1,"SSA",0,2022-10-10
"87",976476,16,1,"CALLE","DE LOS CARBAJAL","SN","","EL TRIUNFO Ejido",83333,3076,"EL TRIUNFO",30,"HERMOSILLO","HERMOSILLO",26,"SONORA",2,1,"DENGUE NO GRAVE","DENGUE NO GRAVE",2022-10-07,2022,40,2,"SSA",0,NA
"88",976499,28,2,"CALLE","AVANAL","9","","VILLA CALIFORNIA Residencial",83114,289,"HERMOSILLO",30,"HERMOSILLO","HERMOSILLO",26,"SONORA",2,2,"DENGUE CON SIGNOS DE ALARMA","DENGUE CON SIGNOS DE ALARMA",2022-10-06,2022,40,1,"OTRAS",0,2022-10-11
"89",977117,65,2,"CALLE","SOLIDARIDAD","31","","PALO VERDE Colonia",83280,289,"HERMOSILLO",30,"HERMOSILLO","HERMOSILLO",26,"SONORA",2,2,"DENGUE CON SIGNOS DE ALARMA","DENGUE CON SIGNOS DE ALARMA",2022-10-07,2022,40,1,"IMSS",NA,2022-10-12
"90",977293,46,2,"CALLE","DOMICILIO CONOCIDO","SN","SN","CENTRO NORTE Colonia",83000,343,"MIGUEL ALEMÁN (LA DOCE)",30,"HERMOSILLO","HERMOSILLO",26,"SONORA",2,1,"DENGUE NO GRAVE","DENGUE NO GRAVE",2022-10-08,2022,40,2,"IMSS",3,NA
"91",975682,12,1,"CALLE","ROSARIO IBARRA DE PIEDRA FINAL","S/N","","LAS PALMAS Colonia",83270,343,"MIGUEL ALEMÁN (LA DOCE)",30,"HERMOSILLO","HERMOSILLO",26,"SONORA",2,1,"DENGUE NO GRAVE","DENGUE NO GRAVE",2022-10-10,2022,41,2,"IMSS",0,NA
"92",976380,8,2,"AVENIDA","NICOLAS BRAVO","S/N","","26 DE OCTUBRE Colonia",83347,343,"MIGUEL ALEMÁN (LA DOCE)",30,"HERMOSILLO","HERMOSILLO",26,"SONORA",2,1,"DENGUE NO GRAVE","DENGUE NO GRAVE",2022-10-10,2022,41,2,"IMSS",0,NA
"93",976401,53,1,"CALLE","ACAPULCO","S/N","","BAHÍA DE KINO CENTRO Colonia",83340,343,"MIGUEL ALEMÁN (LA DOCE)",30,"HERMOSILLO","HERMOSILLO",26,"SONORA",2,1,"DENGUE NO GRAVE","DENGUE NO GRAVE",2022-10-10,2022,41,2,"IMSS",0,NA
"94",976440,14,2,"CALLE","NICOLAS BRAVO","309","","AGUAYO PORCHAS Colonia",83346,343,"MIGUEL ALEMÁN (LA DOCE)",30,"HERMOSILLO","HERMOSILLO",26,"SONORA",2,1,"DENGUE NO GRAVE","DENGUE NO GRAVE",2022-10-10,2022,41,2,"IMSS",0,NA
"95",977051,39,2,"CERRADA","VILLA AZUETA","148","","VILLAS DEL SUR Fraccionamiento",83284,1,"HERMOSILLO",30,"HERMOSILLO","HERMOSILLO",26,"SONORA",2,1,"DENGUE NO GRAVE","DENGUE NO GRAVE",2022-10-10,2022,41,2,"IMSS",2,NA
"96",977073,53,2,"CALLE","DOMICILIO CONOCIDO","0","0","CENTRO NORTE Colonia",83000,343,"MIGUEL ALEMÁN (LA DOCE)",30,"HERMOSILLO","HERMOSILLO",26,"SONORA",2,1,"DENGUE NO GRAVE","DENGUE NO GRAVE",2022-10-10,2022,41,2,"IMSS",2,NA
"97",977118,13,2,"CALLE","JUAN G. CABRAL","0","0","26 DE OCTUBRE Colonia",83347,343,"MIGUEL ALEMÁN (LA DOCE)",30,"HERMOSILLO","HERMOSILLO",26,"SONORA",2,1,"DENGUE NO GRAVE","DENGUE NO GRAVE",2022-10-11,2022,41,2,"IMSS",3,NA
"98",977153,51,2,"CALLE","SEIS DE ENERO","5","","INFONAVIT Colonia",83347,343,"MIGUEL ALEMÁN (LA DOCE)",30,"HERMOSILLO","HERMOSILLO",26,"SONORA",2,1,"DENGUE NO GRAVE","DENGUE NO GRAVE",2022-10-10,2022,41,2,"IMSS",3,NA
"99",977174,32,2,"AVENIDA","JOSE MARIA MORELOS","309","","SALVADOR ALVARADO Colonia",83348,343,"MIGUEL ALEMÁN (LA DOCE)",30,"HERMOSILLO","HERMOSILLO",26,"SONORA",2,1,"DENGUE NO GRAVE","DENGUE NO GRAVE",2022-10-10,2022,41,2,"IMSS",3,NA
"100",977247,34,1,"CALLE","DOMICILIO CONOCIDO","0","0","CENTRO NORTE Colonia",83000,343,"MIGUEL ALEMÁN (LA DOCE)",30,"HERMOSILLO","HERMOSILLO",26,"SONORA",2,1,"DENGUE NO GRAVE","DENGUE NO GRAVE",2022-10-10,2022,41,2,"IMSS",3,NA
"101",977568,33,1,"CALLE","MARIANO MATAMOROS","SN","SN","CENTRO NORTE Colonia",83000,343,"MIGUEL ALEMÁN (LA DOCE)",30,"HERMOSILLO","HERMOSILLO",26,"SONORA",2,1,"DENGUE NO GRAVE","DENGUE NO GRAVE",2022-10-10,2022,41,2,"IMSS",3,NA
"102",977579,26,1,"CALLE","NICOLAS BRAVO","9","","26 DE OCTUBRE Colonia",83347,343,"MIGUEL ALEMÁN (LA DOCE)",30,"HERMOSILLO","HERMOSILLO",26,"SONORA",2,1,"DENGUE NO GRAVE","DENGUE NO GRAVE",2022-10-11,2022,41,2,"IMSS",3,NA
"103",977599,40,1,"CALLE","LEONA VICARIO","5","","CENTRO ORIENTE Colonia",83000,343,"MIGUEL ALEMÁN (LA DOCE)",30,"HERMOSILLO","HERMOSILLO",26,"SONORA",2,1,"DENGUE NO GRAVE","DENGUE NO GRAVE",2022-10-12,2022,41,2,"IMSS",3,NA
"104",977612,34,1,"CALLE","PALMITOS","14","","VIÑEDOS DOLISA Ranchería",83323,343,"MIGUEL ALEMÁN (LA DOCE)",30,"HERMOSILLO","HERMOSILLO",26,"SONORA",2,1,"DENGUE NO GRAVE","DENGUE NO GRAVE",2022-10-12,2022,41,2,"IMSS",3,NA
"105",977623,7,1,"CALLE","12 NORTE","0","","CENTRO ORIENTE Colonia",83000,343,"MIGUEL ALEMÁN (LA DOCE)",30,"HERMOSILLO","HERMOSILLO",26,"SONORA",2,1,"DENGUE NO GRAVE","DENGUE NO GRAVE",2022-10-09,2022,41,1,"IMSS",3,2022-10-16
"106",977649,3,1,"CALLE","AQUILES SERDAN","308","","CENTRO ORIENTE Colonia",83000,343,"MIGUEL ALEMÁN (LA DOCE)",30,"HERMOSILLO","HERMOSILLO",26,"SONORA",2,1,"DENGUE NO GRAVE","DENGUE NO GRAVE",2022-10-12,2022,41,2,"IMSS",3,NA
"107",977770,15,1,"BOULEVARD","PIONEROS","466","","JESÚS GARCIA Colonia",83140,343,"MIGUEL ALEMÁN (LA DOCE)",30,"HERMOSILLO","HERMOSILLO",26,"SONORA",2,1,"DENGUE NO GRAVE","DENGUE NO GRAVE",2022-10-09,2022,41,2,"IMSS",3,NA
"108",977795,11,2,"CALLE","DOMICILIO CONOCIDO","SN","SN","CENTRO NORTE Colonia",83000,343,"MIGUEL ALEMÁN (LA DOCE)",30,"HERMOSILLO","HERMOSILLO",26,"SONORA",2,1,"DENGUE NO GRAVE","DENGUE NO GRAVE",2022-10-12,2022,41,2,"IMSS",3,NA
"109",978283,25,2,"CALLE","MARIANA MATAMOROS","S/N","","MIGUEL ALEMÁN CENTRO Colonia",83344,343,"MIGUEL ALEMÁN (LA DOCE)",30,"HERMOSILLO","HERMOSILLO",26,"SONORA",2,1,"DENGUE NO GRAVE","DENGUE NO GRAVE",2022-10-13,2022,41,2,"IMSS",3,NA
"110",978342,18,2,"CALLE","CALLE DEL DURAZNO","33","","MIGUEL ALEMÁN CENTRO Colonia",83344,343,"MIGUEL ALEMÁN (LA DOCE)",30,"HERMOSILLO","HERMOSILLO",26,"SONORA",2,1,"DENGUE NO GRAVE","DENGUE NO GRAVE",2022-10-12,2022,41,2,"IMSS",3,NA
"111",978350,31,2,"CALLE","LEONA VICARIO","S/N","","CENTRO NORTE Colonia",83000,343,"MIGUEL ALEMÁN (LA DOCE)",30,"HERMOSILLO","HERMOSILLO",26,"SONORA",2,1,"DENGUE NO GRAVE","DENGUE NO GRAVE",2022-10-11,2022,41,2,"IMSS",2,NA
"112",978369,10,2,"CALLE","JUAN BAUTISTA","S/N","","VIÑEDOS DOLISA Ranchería",83323,343,"MIGUEL ALEMÁN (LA DOCE)",30,"HERMOSILLO","HERMOSILLO",26,"SONORA",2,1,"DENGUE NO GRAVE","DENGUE NO GRAVE",2022-10-13,2022,41,2,"IMSS",3,NA
"113",978382,28,2,"CALLE","LEONA VICARIO","S/N","","SALVADOR ALVARADO Colonia",83348,343,"MIGUEL ALEMÁN (LA DOCE)",30,"HERMOSILLO","HERMOSILLO",26,"SONORA",2,1,"DENGUE NO GRAVE","DENGUE NO GRAVE",2022-10-13,2022,41,2,"IMSS",3,NA
"114",978491,21,2,"CALLE","DOMICILIO CONOCIDO","S/N","","MIGUEL ALEMÁN CENTRO Colonia",83344,343,"MIGUEL ALEMÁN (LA DOCE)",30,"HERMOSILLO","HERMOSILLO",26,"SONORA",2,1,"DENGUE NO GRAVE","DENGUE NO GRAVE",2022-10-14,2022,41,2,"IMSS",3,NA
"115",978740,29,2,"CIRCUITO","CIRCUITO DEL ENCINAL ORIENTE","60","","LA CAMPIÑA Fraccionamiento",83116,289,"HERMOSILLO",30,"HERMOSILLO","HERMOSILLO",26,"SONORA",2,1,"DENGUE NO GRAVE","DENGUE NO GRAVE",2022-10-13,2022,41,2,"OTRAS",0,NA
"116",978947,20,2,"CALLE","QUINTAS CHINIPAS","16","","QUINTAS DEL SOL RESIDENCIAL Fraccionamiento",83284,289,"HERMOSILLO",30,"HERMOSILLO","HERMOSILLO",26,"SONORA",2,1,"DENGUE NO GRAVE","DENGUE NO GRAVE",2022-10-14,2022,41,2,"IMSS",2,NA
"117",978966,1,2,"CALLE","12 DE OCTUBRE","S/N","","MIGUEL ALEMÁN CENTRO Colonia",83344,343,"MIGUEL ALEMÁN (LA DOCE)",30,"HERMOSILLO","HERMOSILLO",26,"SONORA",2,1,"DENGUE NO GRAVE","DENGUE NO GRAVE",2022-10-14,2022,41,2,"IMSS",3,NA
"118",978997,31,1,"CALLE","JOSE MARIA MORELOS","13","","MIGUEL ALEMÁN CENTRO Colonia",83344,343,"MIGUEL ALEMÁN (LA DOCE)",30,"HERMOSILLO","HERMOSILLO",26,"SONORA",2,1,"DENGUE NO GRAVE","DENGUE NO GRAVE",2022-10-14,2022,41,2,"IMSS",2,NA
"119",979027,20,2,"CALLE","JORGE CABRAL","43","","MIGUEL ALEMÁN CENTRO Colonia",83344,343,"MIGUEL ALEMÁN (LA DOCE)",30,"HERMOSILLO","HERMOSILLO",26,"SONORA",2,1,"DENGUE NO GRAVE","DENGUE NO GRAVE",2022-10-14,2022,41,2,"IMSS",3,NA
"120",979041,39,2,"CALLE","LAS PALMAS","SN","SN","CENTRO NORTE Colonia",83000,343,"MIGUEL ALEMÁN (LA DOCE)",30,"HERMOSILLO","HERMOSILLO",26,"SONORA",2,1,"DENGUE NO GRAVE","DENGUE NO GRAVE",2022-10-15,2022,41,2,"IMSS",3,NA
"121",979095,40,1,"CERRADA","ACANTILADOS SUR","39","A","TIERRA NUEVA Fraccionamiento",83118,289,"HERMOSILLO",30,"HERMOSILLO","HERMOSILLO",26,"SONORA",2,2,"DENGUE CON SIGNOS DE ALARMA","DENGUE CON SIGNOS DE ALARMA",2022-10-12,2022,41,2,"ISSSTE",0,NA
"122",979096,39,2,"CALLE","DOMICILIO CONOCIDO","SN","SN","CENTRO NORTE Colonia",83000,343,"MIGUEL ALEMÁN (LA DOCE)",30,"HERMOSILLO","HERMOSILLO",26,"SONORA",2,1,"DENGUE NO GRAVE","DENGUE NO GRAVE",2022-10-14,2022,41,2,"IMSS",3,NA
"123",979130,11,2,"CALLE","ZEMPOALA","7","","PARQUE CENTRAL Fraccionamiento",83118,289,"HERMOSILLO",30,"HERMOSILLO","HERMOSILLO",26,"SONORA",2,2,"DENGUE CON SIGNOS DE ALARMA","DENGUE CON SIGNOS DE ALARMA",2022-10-12,2022,41,1,"SSA",0,2022-10-16
"124",979139,29,1,"CALLE","MINORCA","157","","LAS GRANJAS Colonia",83250,289,"HERMOSILLO",30,"HERMOSILLO","HERMOSILLO",26,"SONORA",2,2,"DENGUE CON SIGNOS DE ALARMA","DENGUE CON SIGNOS DE ALARMA",2022-10-13,2022,41,1,"IMSS",0,2022-10-16
"125",979142,74,2,"CALLE","FRANCISCO I. MADERO","512","SN","JESÚS GARCIA Colonia",83140,343,"MIGUEL ALEMÁN (LA DOCE)",30,"HERMOSILLO","HERMOSILLO",26,"SONORA",2,1,"DENGUE NO GRAVE","DENGUE NO GRAVE",2022-10-15,2022,41,2,"IMSS",3,NA
"126",979242,30,2,"CALLE","PRIMO VERDAD","35","C","PERIODISTA Colonia",83156,289,"HERMOSILLO",30,"HERMOSILLO","HERMOSILLO",26,"SONORA",2,2,"DENGUE CON SIGNOS DE ALARMA","DENGUE CON SIGNOS DE ALARMA",2022-10-15,2022,41,2,"ISSSTE",0,NA
"127",979246,14,2,"CALLE","TEPIC","1401","","SAHUARO Fraccionamiento",83178,289,"HERMOSILLO",30,"HERMOSILLO","HERMOSILLO",26,"SONORA",2,1,"DENGUE NO GRAVE","DENGUE NO GRAVE",2022-10-15,2022,41,2,"OTRAS",0,NA
"128",979252,23,1,"CALLE","DOMICILIO CONOCIDO","S/N","","BAHÍA DE KINO CENTRO Colonia",83340,343,"MIGUEL ALEMÁN (LA DOCE)",30,"HERMOSILLO","HERMOSILLO",26,"SONORA",2,1,"DENGUE NO GRAVE","DENGUE NO GRAVE",2022-10-15,2022,41,2,"IMSS",2,NA
"129",979571,24,1,"CALLE","QUINTA ESMERALDA","103","","QUINTA ESMERALDA Fraccionamiento",83284,1,"HERMOSILLO",30,"HERMOSILLO","HERMOSILLO",26,"SONORA",2,3,"DENGUE GRAVE","DENGUE GRAVE",2022-10-12,2022,41,1,"SSA",0,2022-10-17
"130",979575,57,2,"CALLE","AMANECER","6","","NUEVA ILUSIÓN [CAMPESTRE] Ranchería",83310,289,"HERMOSILLO",30,"HERMOSILLO","HERMOSILLO",26,"SONORA",2,1,"DENGUE NO GRAVE","DENGUE NO GRAVE",2022-10-14,2022,41,2,"IMSS",2,NA
"131",979618,23,1,"CALLE","FRANCISCO I. MADERO","S/N","","JESÚS GARCIA Colonia",83140,343,"MIGUEL ALEMÁN (LA DOCE)",30,"HERMOSILLO","HERMOSILLO",26,"SONORA",2,1,"DENGUE NO GRAVE","DENGUE NO GRAVE",2022-10-15,2022,41,2,"IMSS",3,NA
"132",979730,33,2,"AVENIDA","BIZNAGA","16","","HACIENDAS DEL SUR Fraccionamiento",83283,289,"HERMOSILLO",30,"HERMOSILLO","HERMOSILLO",26,"SONORA",2,1,"DENGUE NO GRAVE","DENGUE NO GRAVE",2022-10-14,2022,41,2,"IMSS",2,NA
"133",979769,18,2,"AVENIDA","FRANCISCO I. MADERO","S/N","","JESÚS GARCIA Colonia",83140,343,"MIGUEL ALEMÁN (LA DOCE)",30,"HERMOSILLO","HERMOSILLO",26,"SONORA",2,1,"DENGUE NO GRAVE","DENGUE NO GRAVE",2022-10-15,2022,41,2,"IMSS",3,NA
"134",980269,34,2,"CALLE","EUCALIPTO","364","","VILLAS DEL SUR Fraccionamiento",83284,1,"HERMOSILLO",30,"HERMOSILLO","HERMOSILLO",26,"SONORA",2,2,"DENGUE CON SIGNOS DE ALARMA","DENGUE CON SIGNOS DE ALARMA",2022-10-12,2022,41,2,"ISSSTE",0,NA
"135",980737,30,1,"CALLE","CAREY","SN","","QUINTA ESMERALDA Fraccionamiento",83284,1,"HERMOSILLO",30,"HERMOSILLO","HERMOSILLO",26,"SONORA",2,2,"DENGUE CON SIGNOS DE ALARMA","DENGUE CON SIGNOS DE ALARMA",2022-10-14,2022,41,1,"OTRAS",0,2022-10-17
"136",980878,28,2,"CALLE","GUILLERMO PRIETO","SN","SN","CENTRO NORTE Colonia",83000,343,"MIGUEL ALEMÁN (LA DOCE)",30,"HERMOSILLO","HERMOSILLO",26,"SONORA",2,1,"DENGUE NO GRAVE","DENGUE NO GRAVE",2022-10-15,2022,41,2,"IMSS",3,NA
"137",981082,31,1,"AVENIDA","PARLA","22","","PUERTA DEL REY Fraccionamiento",83118,289,"HERMOSILLO",30,"HERMOSILLO","HERMOSILLO",26,"SONORA",2,2,"DENGUE CON SIGNOS DE ALARMA","DENGUE CON SIGNOS DE ALARMA",2022-10-14,2022,41,1,"IMSS",NA,2022-10-20
"138",982048,55,1,"CALLE","DOMICILIO CONOCIDO","SN","SN","CENTRO NORTE Colonia",83000,343,"MIGUEL ALEMÁN (LA DOCE)",30,"HERMOSILLO","HERMOSILLO",26,"SONORA",2,1,"DENGUE NO GRAVE","DENGUE NO GRAVE",2022-10-13,2022,41,2,"IMSS",3,NA
"139",979133,33,1,"CALLE","JOSE MARIA MORELOS","300","SN","SALVADOR ALVARADO Ranchería",83324,343,"MIGUEL ALEMÁN (LA DOCE)",30,"HERMOSILLO","HERMOSILLO",26,"SONORA",2,1,"DENGUE NO GRAVE","DENGUE NO GRAVE",2022-10-16,2022,42,2,"IMSS",3,NA
"140",979639,29,2,"CALLE","TEPEHUAHE","61","","NUEVO HERMOSILLO Fraccionamiento",83296,289,"HERMOSILLO",30,"HERMOSILLO","HERMOSILLO",26,"SONORA",2,1,"DENGUE NO GRAVE","DENGUE NO GRAVE",2022-10-16,2022,42,2,"IMSS",2,NA
"141",979669,14,1,"CALLE","NAZARETH","483","","HERMOSA PROVINCIA Colonia",83285,289,"HERMOSILLO",30,"HERMOSILLO","HERMOSILLO",26,"SONORA",2,1,"DENGUE NO GRAVE","DENGUE NO GRAVE",2022-10-16,2022,42,2,"IMSS",2,NA
"142",979671,13,1,"AVENIDA","8","S/N","","EL TRIUNFO Ejido",83333,3076,"EL TRIUNFO",30,"HERMOSILLO","HERMOSILLO",26,"SONORA",2,1,"DENGUE NO GRAVE","DENGUE NO GRAVE",2022-10-17,2022,42,2,"IMSS",3,NA
"143",979844,36,2,"CALLE","DOMICILIO CONOCIDO","S/N","","MIGUEL ALEMÁN CENTRO Colonia",83344,343,"MIGUEL ALEMÁN (LA DOCE)",30,"HERMOSILLO","HERMOSILLO",26,"SONORA",2,1,"DENGUE NO GRAVE","DENGUE NO GRAVE",2022-10-17,2022,42,2,"IMSS",3,NA
"144",980163,40,2,"CALLE","GUAYMAS","8","","ADOLFO LOPEZ MATEOS Colonia",83170,289,"HERMOSILLO",30,"HERMOSILLO","HERMOSILLO",26,"SONORA",2,1,"DENGUE NO GRAVE","DENGUE NO GRAVE",2022-10-16,2022,42,2,"IMSS",2,NA
"145",980242,9,2,"CALLE","TORRE BLANCA","SN","","REAL DEL CARMEN  II Fraccionamiento",83287,289,"HERMOSILLO",30,"HERMOSILLO","HERMOSILLO",26,"SONORA",2,1,"DENGUE NO GRAVE","DENGUE NO GRAVE",2022-10-17,2022,42,2,"IMSS",1,NA
"146",980459,28,2,"CALLE","JUAN BAUTISTA DE ANZA","87","SN","26 DE OCTUBRE Colonia",83347,343,"MIGUEL ALEMÁN (LA DOCE)",30,"HERMOSILLO","HERMOSILLO",26,"SONORA",2,1,"DENGUE NO GRAVE","DENGUE NO GRAVE",2022-10-17,2022,42,2,"IMSS",3,NA
"147",980565,24,2,"CALLE","CERRO CENTINELA","232","","SOLIDARIDAD Colonia",83116,289,"HERMOSILLO",30,"HERMOSILLO","HERMOSILLO",26,"SONORA",2,1,"DENGUE NO GRAVE","DENGUE NO GRAVE",2022-10-18,2022,42,1,"SSA",0,2022-10-19
"148",980624,54,1,"CALLE","CERRADA BARREIROS","10","","REAL DEL CARMEN Fraccionamiento",83287,289,"HERMOSILLO",30,"HERMOSILLO","HERMOSILLO",26,"SONORA",2,1,"DENGUE NO GRAVE","DENGUE NO GRAVE",2022-10-17,2022,42,2,"OTRAS",0,NA
"149",980825,45,1,"CALLE","CHAPALA","122","","SAN LUIS Colonia",83160,289,"HERMOSILLO",30,"HERMOSILLO","HERMOSILLO",26,"SONORA",2,1,"DENGUE NO GRAVE","DENGUE NO GRAVE",2022-10-18,2022,42,2,"IMSS",2,NA
"150",980849,39,1,"CALLE","DOMICILIO CONOCIDO","SN","SN","CENTRO NORTE Colonia",83000,343,"MIGUEL ALEMÁN (LA DOCE)",30,"HERMOSILLO","HERMOSILLO",26,"SONORA",2,1,"DENGUE NO GRAVE","DENGUE NO GRAVE",2022-10-18,2022,42,2,"IMSS",3,NA
"151",980896,7,1,"CALLE","JOSE MARIA MORELOS","309","SN","SALVADOR ALVARADO Colonia",83348,343,"MIGUEL ALEMÁN (LA DOCE)",30,"HERMOSILLO","HERMOSILLO",26,"SONORA",2,1,"DENGUE NO GRAVE","DENGUE NO GRAVE",2022-10-18,2022,42,2,"IMSS",3,NA
"152",980919,13,2,"CALLE","DOMICILIO CONOCIDO","SN","SN","CENTRO NORTE Colonia",83000,343,"MIGUEL ALEMÁN (LA DOCE)",30,"HERMOSILLO","HERMOSILLO",26,"SONORA",2,1,"DENGUE NO GRAVE","DENGUE NO GRAVE",2022-10-18,2022,42,2,"IMSS",9,NA
"153",980994,28,1,"CALLE","ASUA","61","","LOS PINOS Fraccionamiento",83117,289,"HERMOSILLO",30,"HERMOSILLO","HERMOSILLO",26,"SONORA",2,1,"DENGUE NO GRAVE","DENGUE NO GRAVE",2022-10-17,2022,42,2,"IMSS",2,NA
"154",981373,17,2,"CALLE","DESIERTO ORIENTE","19","","TIERRA NUEVA Fraccionamiento",83118,289,"HERMOSILLO",30,"HERMOSILLO","HERMOSILLO",26,"SONORA",2,1,"DENGUE NO GRAVE","DENGUE NO GRAVE",2022-10-18,2022,42,2,"SSA",0,NA
"155",981401,18,1,"AVENIDA","DESERTO ORIENTE","15","","TERRAZAS DEL MIRADOR Fraccionamiento",83145,289,"HERMOSILLO",30,"HERMOSILLO","HERMOSILLO",26,"SONORA",2,1,"DENGUE NO GRAVE","DENGUE NO GRAVE",2022-10-18,2022,42,2,"SSA",0,NA
"156",981404,30,2,"CALLE","LAZARO CARDENAS","19","","ANTONIO MENDEZ Colonia",83348,343,"MIGUEL ALEMÁN (LA DOCE)",30,"HERMOSILLO","HERMOSILLO",26,"SONORA",2,2,"DENGUE CON SIGNOS DE ALARMA","DENGUE CON SIGNOS DE ALARMA",2022-10-16,2022,42,2,"IMSS",3,NA
"157",981562,19,2,"AVENIDA","DOCE","SN","SN","CENTRO NORTE Colonia",83000,343,"MIGUEL ALEMÁN (LA DOCE)",30,"HERMOSILLO","HERMOSILLO",26,"SONORA",2,1,"DENGUE NO GRAVE","DENGUE NO GRAVE",2022-10-19,2022,42,2,"IMSS",3,NA
"158",981574,33,1,"CALLE","DOMICILIO CONOCIDO","SN","SN","CENTRO NORTE Colonia",83000,343,"MIGUEL ALEMÁN (LA DOCE)",30,"HERMOSILLO","HERMOSILLO",26,"SONORA",2,1,"DENGUE NO GRAVE","DENGUE NO GRAVE",2022-10-19,2022,42,2,"IMSS",3,NA
"159",981583,16,1,"AVENIDA","DOS","SN","SN","CENTRO NORTE Colonia",83000,343,"MIGUEL ALEMÁN (LA DOCE)",30,"HERMOSILLO","HERMOSILLO",26,"SONORA",2,1,"DENGUE NO GRAVE","DENGUE NO GRAVE",2022-10-19,2022,42,2,"IMSS",3,NA
"160",981605,29,1,"AVENIDA","3","S/N","","SAN ISIDRO Fraccionamiento",83174,343,"MIGUEL ALEMÁN (LA DOCE)",30,"HERMOSILLO","HERMOSILLO",26,"SONORA",2,1,"DENGUE NO GRAVE","DENGUE NO GRAVE",2022-10-18,2022,42,2,"IMSS",2,NA
"161",981714,24,1,"CALLE","CIRCUNVALACION","26","","COLOSO BAJO Colonia",83040,289,"HERMOSILLO",30,"HERMOSILLO","HERMOSILLO",26,"SONORA",2,1,"DENGUE NO GRAVE","DENGUE NO GRAVE",2022-10-19,2022,42,2,"IMSS",2,NA
"162",981741,27,2,"CALLE","BACUM","1533","","NUEVA PALMIRA Fraccionamiento",83170,1,"HERMOSILLO",30,"HERMOSILLO","HERMOSILLO",26,"SONORA",2,2,"DENGUE CON SIGNOS DE ALARMA","DENGUE CON SIGNOS DE ALARMA",2022-10-18,2022,42,2,"IMSS",2,NA
"163",981786,28,2,"AVENIDA","CHILPANCINGO","1245","","SAHUARO FINAL Colonia",83178,289,"HERMOSILLO",30,"HERMOSILLO","HERMOSILLO",26,"SONORA",2,1,"DENGUE NO GRAVE","DENGUE NO GRAVE",2022-10-22,2022,42,2,"OTRAS",0,NA
"164",982062,49,2,"CALLE","CALIFORNIA","92","","LA MATANZA Colonia",83080,1,"HERMOSILLO",30,"HERMOSILLO","HERMOSILLO",26,"SONORA",2,2,"DENGUE CON SIGNOS DE ALARMA","DENGUE CON SIGNOS DE ALARMA",2022-10-22,2022,42,1,"SSA",0,2022-10-23
"165",982146,46,2,"CALLE","LAZARO MERCADO","529","","DUNAS Fraccionamiento",83179,1,"HERMOSILLO",30,"HERMOSILLO","HERMOSILLO",26,"SONORA",2,2,"DENGUE CON SIGNOS DE ALARMA","DENGUE CON SIGNOS DE ALARMA",2022-10-22,2022,42,2,"ISSSTE",0,NA
"166",982750,12,1,"CALLE","GUILLERMO PRIETO","SN","SN","CENTRO NORTE Colonia",83000,343,"MIGUEL ALEMÁN (LA DOCE)",30,"HERMOSILLO","HERMOSILLO",26,"SONORA",2,1,"DENGUE NO GRAVE","DENGUE NO GRAVE",2022-10-20,2022,42,2,"IMSS",3,NA
"167",982790,12,1,"AVENIDA","LEONA VICARIO","SN","SN","CENTRO NORTE Colonia",83000,343,"MIGUEL ALEMÁN (LA DOCE)",30,"HERMOSILLO","HERMOSILLO",26,"SONORA",2,1,"DENGUE NO GRAVE","DENGUE NO GRAVE",2022-10-20,2022,42,2,"IMSS",3,NA
"168",983051,26,2,"CALLE","IGNACIO ALLENDE","S/N","","INSURGENTES Colonia",83106,343,"MIGUEL ALEMÁN (LA DOCE)",30,"HERMOSILLO","HERMOSILLO",26,"SONORA",2,1,"DENGUE NO GRAVE","DENGUE NO GRAVE",2022-10-22,2022,42,2,"IMSS",3,NA
"169",983072,28,2,"CALLE","KONSITA","44","","QUINTA ESMERALDA Fraccionamiento",83284,289,"HERMOSILLO",30,"HERMOSILLO","HERMOSILLO",26,"SONORA",2,1,"DENGUE NO GRAVE","DENGUE NO GRAVE",2022-10-22,2022,42,1,"IMSS",2,2022-10-22
"170",983291,10,2,"CALLE","VILLA DORADA","18","","LAS VILLAS Colonia",83289,289,"HERMOSILLO",30,"HERMOSILLO","HERMOSILLO",26,"SONORA",2,2,"DENGUE CON SIGNOS DE ALARMA","DENGUE CON SIGNOS DE ALARMA",2022-10-21,2022,42,1,"OTRAS",0,2022-10-25
"171",983456,9,1,"AVENIDA","VINATEA","5","","PUERTA DEL REY Fraccionamiento",83118,289,"HERMOSILLO",30,"HERMOSILLO","HERMOSILLO",26,"SONORA",2,1,"DENGUE NO GRAVE","DENGUE NO GRAVE",2022-10-22,2022,42,2,"IMSS",1,NA
"172",983692,12,1,"AVENIDA","MAUTO","21A","","NUEVO HERMOSILLO Fraccionamiento",83296,1,"HERMOSILLO",30,"HERMOSILLO","HERMOSILLO",26,"SONORA",2,2,"DENGUE CON SIGNOS DE ALARMA","DENGUE CON SIGNOS DE ALARMA",2022-10-21,2022,42,1,"SSA",0,2022-10-25
"173",983866,7,1,"CALLE","REVOLUCION Y BELLOTAS","SN","SN","AMAPOLAS Colonia",83020,289,"HERMOSILLO",30,"HERMOSILLO","HERMOSILLO",26,"SONORA",2,2,"DENGUE CON SIGNOS DE ALARMA","DENGUE CON SIGNOS DE ALARMA",2022-10-22,2022,42,2,"IMSS",0,NA
"174",983884,15,2,"CALLE","PRIVADA SATURNINO CAMPOY","76","","NUEVO SAHUARO Colonia",83175,289,"HERMOSILLO",30,"HERMOSILLO","HERMOSILLO",26,"SONORA",2,1,"DENGUE NO GRAVE","DENGUE NO GRAVE",2022-10-22,2022,42,1,"SSA",0,2022-10-27
"175",984471,37,1,"CALLE","AILANTO","1","","ALTARES Fraccionamiento",83296,1,"HERMOSILLO",30,"HERMOSILLO","HERMOSILLO",26,"SONORA",2,2,"DENGUE CON SIGNOS DE ALARMA","DENGUE CON SIGNOS DE ALARMA",2022-10-21,2022,42,1,"ISSSTE",0,2022-10-27
"176",984753,0,2,"CALLE","GIRASOL","4","","ADOLFO LOPEZ MATEOS Colonia",83170,289,"HERMOSILLO",30,"HERMOSILLO","HERMOSILLO",26,"SONORA",2,2,"DENGUE CON SIGNOS DE ALARMA","DENGUE CON SIGNOS DE ALARMA",2022-10-22,2022,42,1,"SSA",0,2022-10-27
"177",981997,36,2,"CALLE","MAREAS","20A","","PUERTA DEL REY Fraccionamiento",83118,1,"HERMOSILLO",30,"HERMOSILLO","HERMOSILLO",26,"SONORA",2,1,"DENGUE NO GRAVE","DENGUE NO GRAVE",2022-10-23,2022,43,2,"IMSS",2,NA
"178",982867,13,2,"CALLE","PISTACHES","61","","GALA Fraccionamiento",83297,289,"HERMOSILLO",30,"HERMOSILLO","HERMOSILLO",26,"SONORA",2,1,"DENGUE NO GRAVE","DENGUE NO GRAVE",2022-10-23,2022,43,2,"IMSS",0,NA
"179",983506,11,1,"CALLE","LAGOS MORENO","112","","SAN LUIS Colonia",83160,289,"HERMOSILLO",30,"HERMOSILLO","HERMOSILLO",26,"SONORA",2,1,"DENGUE NO GRAVE","DENGUE NO GRAVE",2022-10-24,2022,43,2,"IMSS",2,NA
"180",983568,34,1,"AVENIDA","IGNACIO ZARAGOZA","9","SN","CENTRO NORTE Colonia",83000,343,"MIGUEL ALEMÁN (LA DOCE)",30,"HERMOSILLO","HERMOSILLO",26,"SONORA",2,1,"DENGUE NO GRAVE","DENGUE NO GRAVE",2022-10-25,2022,43,2,"IMSS",3,NA
"181",983585,17,1,"CALLE","AVENIDA DE LOS YAQUIS","1344","","CAMINO REAL Colonia",83178,289,"HERMOSILLO",30,"HERMOSILLO","HERMOSILLO",26,"SONORA",2,1,"DENGUE NO GRAVE","DENGUE NO GRAVE",2022-10-24,2022,43,2,"OTRAS",0,NA
"182",983634,35,1,"AVENIDA","CASCADAS","10","","TIERRA NUEVA Fraccionamiento",83118,289,"HERMOSILLO",30,"HERMOSILLO","HERMOSILLO",26,"SONORA",2,1,"DENGUE NO GRAVE","DENGUE NO GRAVE",2022-10-24,2022,43,2,"IMSS",2,NA
"183",983761,23,2,"CALLE","JOSEFA ORTIZ DE DOMINGUEZ","SN","SN","CENTRO NORTE Colonia",83000,343,"MIGUEL ALEMÁN (LA DOCE)",30,"HERMOSILLO","HERMOSILLO",26,"SONORA",2,1,"DENGUE NO GRAVE","DENGUE NO GRAVE",2022-10-26,2022,43,2,"IMSS",3,NA
"184",983970,24,2,"CALLE","SAHUIMERO","SN","","15 ""A"" Colonia",83100,3258,"SAHUÍMERO",30,"HERMOSILLO","HERMOSILLO",26,"SONORA",2,1,"DENGUE NO GRAVE","DENGUE NO GRAVE",2022-10-23,2022,43,2,"SSA",0,NA
"185",984024,16,1,"CALLE","ETCHOROPO","1367","","SAHUARO FINAL Colonia",83178,289,"HERMOSILLO",30,"HERMOSILLO","HERMOSILLO",26,"SONORA",2,1,"DENGUE NO GRAVE","DENGUE NO GRAVE",2022-10-24,2022,43,2,"OTRAS",0,NA
"186",984026,35,1,"CALLE","TENOCH","4","","PERISUR Fraccionamiento",83294,289,"HERMOSILLO",30,"HERMOSILLO","HERMOSILLO",26,"SONORA",2,1,"DENGUE NO GRAVE","DENGUE NO GRAVE",2022-10-24,2022,43,2,"IMSS",0,NA
"187",984040,46,2,"CALLE","GUAYIN","9A","","LAS DILIGENCIAS Fraccionamiento",83296,1,"HERMOSILLO",30,"HERMOSILLO","HERMOSILLO",26,"SONORA",2,1,"DENGUE NO GRAVE","DENGUE NO GRAVE",2022-10-25,2022,43,2,"IMSS",0,NA
"188",984047,47,1,"CALLE","TEPIC","1484","","INTERNACIONAL Colonia",83170,289,"HERMOSILLO",30,"HERMOSILLO","HERMOSILLO",26,"SONORA",2,1,"DENGUE NO GRAVE","DENGUE NO GRAVE",2022-10-23,2022,43,2,"IMSS",2,NA
"189",984073,18,2,"CALLE","ALMENDROS","14A","","GALA Fraccionamiento",83297,289,"HERMOSILLO",30,"HERMOSILLO","HERMOSILLO",26,"SONORA",2,1,"DENGUE NO GRAVE","DENGUE NO GRAVE",2022-10-23,2022,43,2,"IMSS",0,NA
"190",984146,5,1,"CALLE","DIVISADEROS","384","","LOMAS DE MADRID Colonia",83103,289,"HERMOSILLO",30,"HERMOSILLO","HERMOSILLO",26,"SONORA",2,1,"DENGUE NO GRAVE","DENGUE NO GRAVE",2022-10-24,2022,43,2,"SSA",0,NA
"191",984212,32,2,"CALLE","BIZNAGA SUCULENTA","69","","ALTAMIRA Fraccionamiento",83296,1,"HERMOSILLO",30,"HERMOSILLO","HERMOSILLO",26,"SONORA",2,2,"DENGUE CON SIGNOS DE ALARMA","DENGUE CON SIGNOS DE ALARMA",2022-10-24,2022,43,1,"SSA",0,2022-10-24
"192",984235,16,2,"AVENIDA","JOSEFA ORTIZ DE DOMINGUEZ","222","SN","LAS PALMAS Colonia",83270,343,"MIGUEL ALEMÁN (LA DOCE)",30,"HERMOSILLO","HERMOSILLO",26,"SONORA",2,1,"DENGUE NO GRAVE","DENGUE NO GRAVE",2022-10-26,2022,43,2,"IMSS",3,NA
"193",984246,28,2,"AVENIDA","TRECE","SN","SN","SAN ISIDRO Fraccionamiento",83174,343,"MIGUEL ALEMÁN (LA DOCE)",30,"HERMOSILLO","HERMOSILLO",26,"SONORA",2,1,"DENGUE NO GRAVE","DENGUE NO GRAVE",2022-10-26,2022,43,2,"IMSS",3,NA
"194",984353,37,1,"CALLE","SAN COSME","11","","VILLA VERDE Fraccionamiento",83118,289,"HERMOSILLO",30,"HERMOSILLO","HERMOSILLO",26,"SONORA",2,1,"DENGUE NO GRAVE","DENGUE NO GRAVE",2022-10-25,2022,43,2,"IMSS",2,NA
"195",984431,15,1,"PRIVADA","SATURNINO CAMPOY","8","","NUEVO SAHUARO Colonia",83175,289,"HERMOSILLO",30,"HERMOSILLO","HERMOSILLO",26,"SONORA",2,1,"DENGUE NO GRAVE","DENGUE NO GRAVE",2022-10-26,2022,43,2,"IMSS",2,NA
"196",984667,26,2,"CALLE","LIRIO","SN","","ADOLFO LÓPEZ MATEOS Colonia",83284,289,"HERMOSILLO",30,"HERMOSILLO","HERMOSILLO",26,"SONORA",2,1,"DENGUE NO GRAVE","DENGUE NO GRAVE",2022-10-25,2022,43,2,"IMSS",0,NA
"197",984690,50,2,"CERRADA","SARIC","107","","TUMACACORI Fraccionamiento",83118,289,"HERMOSILLO",30,"HERMOSILLO","HERMOSILLO",26,"SONORA",2,1,"DENGUE NO GRAVE","DENGUE NO GRAVE",2022-10-25,2022,43,2,"IMSS",2,NA
"198",984730,69,2,"CALLE","YUSTE","63A","","LA CHOLLA Fraccionamiento",83175,1,"HERMOSILLO",30,"HERMOSILLO","HERMOSILLO",26,"SONORA",2,1,"DENGUE NO GRAVE","DENGUE NO GRAVE",2022-10-24,2022,43,2,"IMSS",2,NA
"199",984759,17,1,"AVENIDA","LEONA VICARIO","SN","SN","CENTRO NORTE Colonia",83000,343,"MIGUEL ALEMÁN (LA DOCE)",30,"HERMOSILLO","HERMOSILLO",26,"SONORA",2,1,"DENGUE NO GRAVE","DENGUE NO GRAVE",2022-10-26,2022,43,2,"IMSS",3,NA
"200",984781,41,1,"CALLE","CERRADA EL PARAJE","111","","GALA Fraccionamiento",83297,289,"HERMOSILLO",30,"HERMOSILLO","HERMOSILLO",26,"SONORA",2,1,"DENGUE NO GRAVE","DENGUE NO GRAVE",2022-10-26,2022,43,2,"IMSS",0,NA
"201",984829,27,2,"CALLE","DEL TRIGO","52","SN","CENTRO NORTE Colonia",83000,343,"MIGUEL ALEMÁN (LA DOCE)",30,"HERMOSILLO","HERMOSILLO",26,"SONORA",2,1,"DENGUE NO GRAVE","DENGUE NO GRAVE",2022-10-25,2022,43,2,"IMSS",3,NA
"202",984885,13,2,"CALLE","AGUA  ZARCA","45","","OLIVARES Colonia",83180,289,"HERMOSILLO",30,"HERMOSILLO","HERMOSILLO",26,"SONORA",2,1,"DENGUE NO GRAVE","DENGUE NO GRAVE",2022-10-25,2022,43,2,"SSA",0,NA
"203",984903,30,2,"CALLE","HERACLIO ESPINOZA","85","","JEREZ DEL VALLE Colonia",83175,1,"HERMOSILLO",30,"HERMOSILLO","HERMOSILLO",26,"SONORA",2,1,"DENGUE NO GRAVE","DENGUE NO GRAVE",2022-10-24,2022,43,2,"IMSS",2,NA
"204",985200,24,2,"CALLE","HERACLIO ESPINOZA","77","","JEREZ DEL VALLE Colonia",83175,289,"HERMOSILLO",30,"HERMOSILLO","HERMOSILLO",26,"SONORA",2,1,"DENGUE NO GRAVE","DENGUE NO GRAVE",2022-10-26,2022,43,1,"IMSS",2,2022-10-28
"205",985255,41,1,"BOULEVARD","PASEO DEL CEDRO","19","","URBI VILLA DEL CEDRO Fraccionamiento",83105,289,"HERMOSILLO",30,"HERMOSILLO","HERMOSILLO",26,"SONORA",2,2,"DENGUE CON SIGNOS DE ALARMA","DENGUE CON SIGNOS DE ALARMA",2022-10-25,2022,43,1,"IMSS",2,2022-10-29
"206",985429,27,1,"CALLE","ROBERTO MEXIA","09","","MACHI LOPEZ Colonia",83120,1,"HERMOSILLO",30,"HERMOSILLO","HERMOSILLO",26,"SONORA",2,2,"DENGUE CON SIGNOS DE ALARMA","DENGUE CON SIGNOS DE ALARMA",2022-10-26,2022,43,1,"SSA",0,2022-10-28
"207",985471,27,2,"CALLE","REPUBLICA DE JAMAICA","71","","22 DE SEPTIEMBRE Colonia",83170,1,"HERMOSILLO",30,"HERMOSILLO","HERMOSILLO",26,"SONORA",2,2,"DENGUE CON SIGNOS DE ALARMA","DENGUE CON SIGNOS DE ALARMA",2022-10-28,2022,43,1,"SSA",0,2022-10-28
"208",985554,54,2,"BOULEVARD","FRANCISCO  PIZARRO","700","","PROGRESISTA Colonia",83120,289,"HERMOSILLO",30,"HERMOSILLO","HERMOSILLO",26,"SONORA",2,2,"DENGUE CON SIGNOS DE ALARMA","DENGUE CON SIGNOS DE ALARMA",2022-10-24,2022,43,2,"ISSSTE",0,NA
"209",985572,47,1,"RETORNO","SIETE CERROS","37","","DUNAS Fraccionamiento",83179,289,"HERMOSILLO",30,"HERMOSILLO","HERMOSILLO",26,"SONORA",2,1,"DENGUE NO GRAVE","DENGUE NO GRAVE",2022-10-27,2022,43,1,"SSA",0,2022-10-28
"210",985628,31,2,"CALLE","DIVISADEROS","418","","LOMAS DE MADRID Colonia",83103,289,"HERMOSILLO",30,"HERMOSILLO","HERMOSILLO",26,"SONORA",2,2,"DENGUE CON SIGNOS DE ALARMA","DENGUE CON SIGNOS DE ALARMA",2022-10-25,2022,43,2,"ISSSTE",0,NA
"211",985785,12,2,"CALLE","BELLOTA","170","","AMAPOLAS Colonia",83020,289,"HERMOSILLO",30,"HERMOSILLO","HERMOSILLO",26,"SONORA",2,2,"DENGUE CON SIGNOS DE ALARMA","DENGUE CON SIGNOS DE ALARMA",2022-10-27,2022,43,1,"SSA",0,2022-10-29
"212",986000,20,1,"CALLE","JOSEFA ORTIZ DE DOMINGUEZ","0","","MIGUEL ALEMÁN CENTRO Colonia",83344,343,"MIGUEL ALEMÁN (LA DOCE)",30,"HERMOSILLO","HERMOSILLO",26,"SONORA",2,2,"DENGUE CON SIGNOS DE ALARMA","DENGUE CON SIGNOS DE ALARMA",2022-10-28,2022,43,1,"SSA",0,2022-10-31
"213",986013,46,1,"CALLE","CERRO CENTINELA","137","","SOLIDARIDAD Colonia",83116,289,"HERMOSILLO",30,"HERMOSILLO","HERMOSILLO",26,"SONORA",2,1,"DENGUE NO GRAVE","DENGUE NO GRAVE",2022-10-28,2022,43,2,"IMSS",2,NA
"214",986103,29,2,"CALLE","PALMETE","102","","PUERTA REAL RESIDENCIAL Residencial",83177,289,"HERMOSILLO",30,"HERMOSILLO","HERMOSILLO",26,"SONORA",2,2,"DENGUE CON SIGNOS DE ALARMA","DENGUE CON SIGNOS DE ALARMA",2022-10-24,2022,43,1,"OTRAS",0,2022-11-01
"215",986109,23,2,"AVENIDA","CHAPARRAN","377","","MANUEL GÓMEZ MORIN Colonia",83116,289,"HERMOSILLO",30,"HERMOSILLO","HERMOSILLO",26,"SONORA",2,1,"DENGUE NO GRAVE","DENGUE NO GRAVE",2022-10-29,2022,43,2,"SSA",0,NA
"216",986918,26,2,"CALLE","PALO VERDE","271","","PALO VERDE Colonia",83280,289,"HERMOSILLO",30,"HERMOSILLO","HERMOSILLO",26,"SONORA",2,2,"DENGUE CON SIGNOS DE ALARMA","DENGUE CON SIGNOS DE ALARMA",2022-10-28,2022,43,2,"IMSS",0,NA
"217",986933,14,1,"CALLE","MAIZALES","9","","LIBERTAD Colonia",83130,1,"HERMOSILLO",30,"HERMOSILLO","HERMOSILLO",26,"SONORA",2,1,"DENGUE NO GRAVE","DENGUE NO GRAVE",2022-10-28,2022,43,2,"IMSS",0,NA
"218",987438,13,1,"AVENIDA","ISLA DEL TIBURON","1268","","DEL BOSQUE Fraccionamiento",83179,1,"HERMOSILLO",30,"HERMOSILLO","HERMOSILLO",26,"SONORA",2,2,"DENGUE CON SIGNOS DE ALARMA","DENGUE CON SIGNOS DE ALARMA",2022-10-28,2022,43,1,"ISSSTE",0,2022-11-04
"219",986114,49,1,"CALLE","PIRI LARES","211","","LAS MINITAS Colonia",83285,289,"HERMOSILLO",30,"HERMOSILLO","HERMOSILLO",26,"SONORA",2,1,"DENGUE NO GRAVE","DENGUE NO GRAVE",2022-10-31,2022,44,2,"SSA",0,NA
"220",986677,34,2,"CALLE","MANUEL M. DIEGUEZ","1108","","SAHUARO Fraccionamiento",83178,1,"HERMOSILLO",30,"HERMOSILLO","HERMOSILLO",26,"SONORA",2,3,"DENGUE GRAVE","DENGUE GRAVE",2022-10-31,2022,44,1,"SSA",0,2022-11-02
"221",986706,36,2,"CALLE","QUINTA LAS VARAS","16","","QUINTAS DEL SOL RESIDENCIAL Fraccionamiento",83284,289,"HERMOSILLO",30,"HERMOSILLO","HERMOSILLO",26,"SONORA",2,1,"DENGUE NO GRAVE","DENGUE NO GRAVE",2022-11-01,2022,44,2,"IMSS",0,NA
"222",986742,27,2,"CALLE","SIERRA DEL CAJON","16","","SOLIDARIDAD Colonia",83116,289,"HERMOSILLO",30,"HERMOSILLO","HERMOSILLO",26,"SONORA",2,2,"DENGUE CON SIGNOS DE ALARMA","DENGUE CON SIGNOS DE ALARMA",2022-10-30,2022,44,1,"SSA",0,2022-11-01
"223",986786,33,2,"CALLE","CERRADA MANANCOR","9","","MALLORCA RESIDENCIAL Residencial",83296,289,"HERMOSILLO",30,"HERMOSILLO","HERMOSILLO",26,"SONORA",2,1,"DENGUE NO GRAVE","DENGUE NO GRAVE",2022-11-01,2022,44,2,"IMSS",0,NA
"224",986852,36,2,"CALLE","CERRADA QUINTA CAMPANERAO","137","","QUINTAS DEL SOL RESIDENCIAL Fraccionamiento",83284,289,"HERMOSILLO",30,"HERMOSILLO","HERMOSILLO",26,"SONORA",2,1,"DENGUE NO GRAVE","DENGUE NO GRAVE",2022-11-01,2022,44,2,"IMSS",0,NA
"225",986897,26,2,"CALLE","NUEVA ROSALES","12","","NUEVA ESPERANZA Colonia",83284,289,"HERMOSILLO",30,"HERMOSILLO","HERMOSILLO",26,"SONORA",2,1,"DENGUE NO GRAVE","DENGUE NO GRAVE",2022-10-30,2022,44,2,"IMSS",0,NA
"226",987523,42,2,"CALLE","NICARAGUA","47","","LA MATANZA Colonia",83080,289,"HERMOSILLO",30,"HERMOSILLO","HERMOSILLO",26,"SONORA",2,1,"DENGUE NO GRAVE","DENGUE NO GRAVE",2022-11-02,2022,44,2,"IMSS",0,NA
"227",987558,52,2,"CALLE","LAS GLORIAS","SN","","LOS OLIVOS Colonia",83284,289,"HERMOSILLO",30,"HERMOSILLO","HERMOSILLO",26,"SONORA",2,2,"DENGUE CON SIGNOS DE ALARMA","DENGUE CON SIGNOS DE ALARMA",2022-10-30,2022,44,1,"IMSS",0,2022-11-03
"228",987564,32,2,"CALLE","QUINTANA ROO","19","","QUINTAS DEL SOL RESIDENCIAL Fraccionamiento",83284,289,"HERMOSILLO",30,"HERMOSILLO","HERMOSILLO",26,"SONORA",2,1,"DENGUE NO GRAVE","DENGUE NO GRAVE",2022-11-01,2022,44,2,"OTRAS",0,NA
"229",988098,29,1,"CALLE","MAIZALES","10","","ARCO IRIS Colonia",83285,1,"HERMOSILLO",30,"HERMOSILLO","HERMOSILLO",26,"SONORA",2,1,"DENGUE NO GRAVE","DENGUE NO GRAVE",2022-11-02,2022,44,1,"SSA",0,2022-11-06
